First Name,Last Name,Country,Company,Subscription Date
Jenna,Harding,China,Bailey Group,2020-04-05
Bruce,Bass,China,"Day, Wiley and Mclaughlin",2020-08-10
Don,Henry,China,"Giles, Kerr and Stafford",2020-10-18
Dakota,Bowman,China,Gomez-Tapia,2022-04-17
Isaiah,Buckley,China,Davies-Hardy,2021-01-19
Andrea,Dennis,China,Kramer Ltd,2020-12-16
Connie,Mercado,China,"Weeks, Perez and Andersen",2022-02-13
Sean,Gray,China,Larsen-Payne,2022-05-21
Leslie,Spencer,China,"French, Estrada and Decker",2021-11-30
